Time,Battery Voltage (V),Battery Current (A)
1,38.66,369
2,38.66,449
3,38.79,475
4,38.72,475
5,38.66,396
6,38.72,528
7,38.72,634
8,38.66,369
9,38.72,317
10,38.79,686
11,38.66,449
12,38.66,317
13,38.79,554
14,38.66,422
15,38.66,369
16,38.72,317
17,38.66,528
18,38.72,317
19,38.79,475
20,38.66,581
21,38.66,184
22,38.79,528
23,38.66,396
24,38.66,369
25,38.72,475
26,38.66,739
27,38.66,290
28,38.72,634
29,38.6,237
30,38.72,343
31,38.72,686
32,38.6,396
33,38.72,554
34,38.66,449
35,38.79,554
36,38.66,686
37,38.6,264
38,38.72,581
39,38.6,290
40,38.72,343
41,38.72,581
42,38.66,554
43,38.72,396
44,38.72,317
45,38.72,475
46,38.66,528
47,38.6,369
48,38.66,369
49,38.6,422
50,38.72,475
51,38.66,369
52,38.79,634
53,38.66,396
54,38.66,528
55,38.66,290
56,38.72,554
57,38.6,501
58,38.72,449
59,38.66,422
60,38.66,449
61,38.66,660
62,38.66,369
63,38.79,581
64,38.66,290
65,38.66,528
66,38.72,343
67,38.66,739
68,38.6,422
69,38.66,660
70,38.66,422
71,38.66,475
72,38.66,422
73,38.66,501
74,38.66,290
75,38.72,686
76,38.72,369
77,38.72,396
78,38.72,501
79,38.6,396
80,38.79,634
81,38.6,343
82,38.66,501
83,38.66,396
84,38.72,475
85,38.66,369
86,38.66,528
87,38.66,290
88,38.66,581
89,38.72,528
90,38.66,449
91,38.72,449
92,38.66,290
93,38.72,686
94,38.72,396
95,38.6,581
96,38.66,369
97,38.6,290
98,38.72,581
99,38.66,422
100,38.66,422
101,38.72,501
102,38.66,184
103,38.72,713
104,38.66,449
105,38.66,475
106,38.72,501
107,38.66,237
108,38.79,581
109,38.72,581
110,38.66,369
111,38.66,713
112,38.72,422
113,38.6,369
114,38.72,581
115,38.66,475
116,38.66,449
117,38.72,475
118,38.6,237
119,38.66,369
120,38.72,581
121,38.6,501
122,38.66,554
123,38.66,581
124,38.66,237
125,38.6,449
126,38.72,554
127,38.72,501
128,38.66,317
129,38.6,422
130,38.66,501
131,38.72,369
132,38.66,290
133,38.66,660
134,38.79,501
135,38.72,634
136,38.6,369
137,38.6,528
138,38.66,554
139,38.66,501
140,38.6,290
141,38.66,369
142,38.66,343
143,38.72,660
144,38.72,581
145,38.72,396
146,38.6,396
147,38.6,449
148,38.66,396
149,38.72,501
150,38.66,396
151,38.66,317
152,38.6,237
153,38.6,634
154,38.66,501
155,38.66,739
156,38.72,501
157,38.66,396
158,38.66,422
159,38.66,317
160,38.6,317
161,38.6,343
162,38.66,396
163,38.6,528
164,38.66,449
165,38.66,660
166,38.66,528
167,38.72,475
168,38.72,396
169,38.66,396
170,38.66,369
171,38.72,528
172,38.72,475
173,38.66,501
174,38.66,581
175,38.66,528
176,38.72,369
177,38.66,607
178,38.66,449
179,38.72,501
180,38.66,422
181,38.66,554
182,38.66,528
183,38.66,475
184,38.66,660
185,38.6,581
186,38.66,501
187,38.66,449
188,38.6,317
189,38.6,343
190,38.66,237
191,38.66,449
192,38.66,528
193,38.66,501
194,38.66,528
195,38.66,581
196,38.6,396
197,38.6,422
198,38.6,317
199,38.66,422
200,38.66,369
201,38.72,554
202,38.66,475
203,38.6,501
204,38.66,501
205,38.55,449
206,38.6,290
207,38.72,449
208,38.72,501
209,38.66,528
210,38.66,343
211,38.6,369
212,38.66,264
213,38.66,607
214,38.6,396
215,38.55,422
216,38.66,581
217,38.66,686
218,38.66,369
219,38.66,264
220,38.66,528
221,38.66,581
222,38.55,343
223,38.66,475
224,38.72,634
225,38.6,369
226,38.6,343
227,38.66,422
228,38.55,607
229,38.55,317
230,38.6,475
231,38.72,713
232,38.66,422
233,38.6,290
234,38.66,528
235,38.6,449
236,38.55,290
237,38.66,607
238,38.66,528
239,38.55,237
240,38.66,501
241,38.6,581
242,38.6,449
243,38.66,501
244,38.6,369
245,38.6,317
246,38.66,422
247,38.55,343
248,38.66,528
249,38.66,634
250,38.6,369
251,38.66,449
252,38.66,422
253,38.6,369
254,38.66,501
255,38.66,396
256,38.6,607
257,38.6,264
258,38.72,607
259,38.6,422
260,38.6,264
261,38.72,449
262,38.6,369
263,38.66,660
264,38.6,317
265,38.66,396
266,38.6,475
267,38.66,475
268,38.66,634
269,38.6,317
270,38.6,449
271,38.55,369
272,38.66,607
273,38.6,290
274,38.66,713
275,38.66,290
276,38.66,607
277,38.6,264
278,38.66,581
279,38.6,343
280,38.66,607
281,38.66,317
282,38.6,660
283,38.6,343
284,38.6,554
285,38.6,449
286,38.6,396
287,38.66,713
288,38.55,290
289,38.66,449
290,38.6,343
291,38.66,607
292,38.6,343
293,38.6,475
294,38.66,369
295,38.6,317
296,38.6,528
297,38.6,396
298,38.66,422
299,38.66,422
300,38.6,343
301,38.66,686
302,38.6,396
303,38.66,686
304,38.66,422
305,38.6,343
306,38.66,475
307,38.55,422
308,38.66,343
309,38.66,422
310,38.6,264
311,38.66,554
312,38.6,343
313,38.55,501
314,38.66,660
315,38.6,396
316,38.6,396
317,38.6,554
318,38.6,343
319,38.6,739
320,38.66,422
321,38.6,343
322,38.6,475
323,38.66,422
324,38.6,396
325,38.66,554
326,38.6,501
327,38.6,184
328,38.66,528
329,38.66,528
330,38.6,317
331,38.66,528
332,38.66,581
333,38.55,422
334,38.6,501
335,38.66,528
336,38.6,317
337,38.6,343
338,38.66,501
339,38.66,501
340,38.55,396
341,38.6,501
342,38.66,396
343,38.55,369
344,38.66,343
345,38.6,475
346,38.6,422
347,38.6,290
348,38.6,634
349,38.66,660
350,38.6,317
351,38.49,369
352,38.66,449
353,38.66,475
354,38.6,343
355,38.55,317
356,38.55,422
357,38.66,607
358,38.66,396
359,38.55,369
360,38.6,422
361,38.6,528
362,38.66,475
363,38.6,396
364,38.55,343
365,38.66,290
366,38.6,422
367,38.66,607
368,38.6,317
369,38.55,369
370,38.6,422
371,38.6,422
372,38.66,660
373,38.6,369
374,38.55,422
375,38.6,713
376,38.66,581
377,38.6,581
378,38.55,369
379,38.49,317
380,38.6,607
381,38.6,501
382,38.66,660
383,38.6,396
384,38.6,449
385,38.49,422
386,38.55,396
387,38.72,369
388,38.6,528
389,38.66,686
390,38.66,554
391,38.6,581
392,38.66,422
393,38.6,554
394,38.55,396
395,38.6,317
396,38.55,343
397,38.55,396
398,38.6,317
399,38.49,264
400,38.55,369
401,38.55,396
402,38.55,396
403,38.49,554
404,38.6,422
405,38.55,396
406,38.66,264
407,38.49,211
408,38.55,396
409,38.55,343
410,38.55,343
411,38.55,290
412,38.55,317
413,38.55,369
414,38.55,369
415,38.55,290
416,38.55,290
417,38.49,317
418,38.55,290
419,38.49,422
420,38.6,369
421,38.6,554
422,38.6,396
423,38.66,581
424,38.6,501
425,38.6,475
426,38.6,660
427,38.55,475
428,38.49,369
429,38.6,317
430,38.6,317
431,38.6,449
432,38.6,607
433,38.6,475
434,38.66,554
435,38.55,528
436,38.55,211
437,38.6,396
438,38.66,449
439,38.6,634
440,38.49,396
441,38.55,422
442,38.6,739
443,38.55,475
444,38.55,317
445,38.66,581
446,38.6,607
447,38.55,343
448,38.6,422
449,38.6,369
450,38.55,422
451,38.55,369
452,38.6,343
453,38.6,686
454,38.55,317
455,38.55,317
456,38.66,634
457,38.55,369
458,38.55,264
459,38.66,581
460,38.49,369
461,38.6,290
462,38.6,607
463,38.49,422
464,38.6,449
465,38.55,475
466,38.55,396
467,38.6,475
468,38.55,369
469,38.6,475
470,38.55,713
471,38.49,422
472,38.6,581
473,38.55,343
474,38.6,343
475,38.6,581
476,38.55,449
477,38.6,554
478,38.55,343
479,38.6,607
480,38.55,317
481,38.6,528
482,38.55,369
483,38.6,501
484,38.55,369
485,38.6,501
486,38.55,369
487,38.6,607
488,38.49,475
489,38.66,581
490,38.55,237
491,38.6,713
492,38.55,501
493,38.55,528
494,38.6,396
495,38.55,343
496,38.6,449
497,38.55,449
498,38.6,501
499,38.49,317
500,38.6,660
501,38.49,317
502,38.55,581
503,38.6,264
504,38.55,449
505,38.6,634
506,38.49,422
507,38.49,607
508,38.55,369
509,38.55,343
510,38.6,581
511,38.49,317
512,38.55,528
513,38.6,343
514,38.6,396
515,38.6,581
516,38.55,264
517,38.6,475
518,38.6,475
519,38.55,264
520,38.6,660
521,38.6,396
522,38.55,422
523,38.55,449
524,38.55,369
525,38.55,369
526,38.55,607
527,38.66,528
528,38.55,475
529,38.49,369
530,38.6,660
531,38.55,396
532,38.55,317
533,38.55,501
534,38.66,528
535,38.49,343
536,38.55,660
537,38.6,475
538,38.55,369
539,38.49,369
540,38.49,264
541,38.55,475
542,38.55,369
543,38.42,501
544,38.49,475
545,38.55,475
546,38.6,343
547,38.55,264
548,38.6,422
549,38.6,713
550,38.6,581
551,38.55,422
552,38.55,317
553,38.49,475
554,38.55,686
555,38.55,422
556,38.55,422
557,38.49,237
558,38.49,290
559,38.6,528
560,38.55,713
561,38.55,343
562,38.6,528
563,38.49,264
564,38.49,528
565,38.55,396
566,38.55,422
567,38.55,607
568,38.55,528
569,38.55,501
570,38.55,343
571,38.49,290
572,38.55,237
573,38.49,396
574,38.55,422
575,38.6,554
576,38.6,501
577,38.66,634
578,38.55,422
579,38.6,607
580,38.6,475
581,38.49,422
582,38.49,396
583,38.49,290
584,38.49,528
585,38.49,475
586,38.49,449
587,38.49,290
588,38.49,343
589,38.55,396
590,38.55,501
591,38.49,501
592,38.6,475
593,38.6,581
594,38.55,581
595,38.55,686
596,38.49,528
597,38.55,634
598,38.49,660
599,38.55,449
600,38.55,554
601,38.55,396
602,38.55,554
603,38.49,581
604,38.55,369
605,38.49,449
606,38.49,845
607,38.49,607
608,38.49,317
609,38.49,290
610,38.55,475
611,38.42,449
612,38.49,449
613,38.6,501
614,38.55,396
615,38.55,634
616,38.66,713
617,38.55,686
618,38.55,475
619,38.55,290
620,38.49,369
621,38.49,343
622,38.6,264
623,38.55,528
624,38.55,528
625,38.55,634
626,38.55,528
627,38.49,396
628,38.49,396
629,38.55,317
630,38.55,713
631,38.6,660
632,38.55,422
633,38.42,264
634,38.55,449
635,38.55,501
636,38.55,607
637,38.55,422
638,38.49,396
639,38.55,369
640,38.66,554
641,38.55,634
642,38.55,475
643,38.55,317
644,38.55,290
645,38.55,396
646,38.6,554
647,38.49,317
648,38.49,528
649,38.6,607
650,38.49,396
651,38.49,369
652,38.55,501
653,38.49,581
654,38.49,317
655,38.55,634
656,38.49,501
657,38.49,396
658,38.55,528
659,38.42,449
660,38.55,396
661,38.55,554
662,38.49,264
663,38.55,369
664,38.49,713
665,38.42,369
666,38.6,581
667,38.55,290
668,38.6,501
669,38.49,369
670,38.55,369
671,38.49,369
672,38.55,475
673,38.49,660
674,38.49,369
675,38.6,528
676,38.42,290
677,38.55,422
678,38.42,264
679,38.55,766
680,38.42,343
681,38.49,501
682,38.55,581
683,38.49,422
684,38.55,528
685,38.42,396
686,38.55,475
687,38.49,396
688,38.49,554
689,38.42,475
690,38.55,581
691,38.49,290
692,38.42,396
693,38.6,607
694,38.42,290
695,38.49,581
696,38.6,475
697,38.49,317
698,38.55,449
699,38.49,343
700,38.49,317
701,38.55,528
702,38.55,369
703,38.49,237
704,38.49,396
705,38.6,501
706,38.49,290
707,38.42,528
708,38.55,554
709,38.55,449
710,38.42,343
711,38.49,422
712,38.55,581
713,38.55,501
714,38.49,264
715,38.42,449
716,38.55,634
717,38.49,369
718,38.49,449
719,38.49,369
720,38.42,343
721,38.49,396
722,38.49,449
723,38.55,660
724,38.55,343
725,38.49,449
726,38.49,422
727,38.42,317
728,38.42,158
729,38.42,343
730,38.49,475
731,38.49,660
732,38.55,581
733,38.55,475
734,38.55,528
735,38.55,422
736,38.49,501
737,38.49,317
738,38.42,317
739,38.42,369
740,38.42,343
741,38.49,475
742,38.42,317
743,38.49,422
744,38.49,528
745,38.49,528
746,38.49,713
747,38.49,581
748,38.49,422
749,38.55,422
750,38.55,528
751,38.55,501
752,38.55,634
753,38.55,634
754,38.49,475
755,38.49,634
756,38.49,475
757,38.55,396
758,38.49,528
759,38.49,475
760,38.49,581
761,38.55,607
762,38.49,739
763,38.42,396
764,38.49,449
765,38.42,475
766,38.42,422
767,38.49,369
768,38.42,449
769,38.42,343
770,38.42,475
771,38.49,343
772,38.49,501
773,38.55,343
774,38.49,581
775,38.49,449
776,38.55,581
777,38.42,607
778,38.49,554
779,38.42,396
780,38.42,264
781,38.42,343
782,38.55,184
783,38.55,475
784,38.55,422
785,38.55,449
786,38.42,422
787,38.49,317
788,38.55,581
789,38.49,581
790,38.49,343
791,38.49,422
792,38.55,581
793,38.49,317
794,38.49,369
795,38.42,396
796,38.49,528
797,38.55,634
798,38.42,422
799,38.49,554
800,38.55,686
801,38.49,369
802,38.42,396
803,38.49,528
804,38.49,264
805,38.49,686
806,38.42,290
807,38.49,343
808,38.49,607
809,38.49,396
810,38.49,422
811,38.49,396
812,38.55,528
813,38.42,396
814,38.49,501
815,38.49,660
816,38.42,369
817,38.49,501
818,38.49,264
819,38.55,581
820,38.42,343
821,38.49,369
822,38.49,422
823,38.42,396
824,38.42,554
825,38.42,290
826,38.42,369
827,38.49,422
828,38.49,686
829,38.42,343
830,38.49,449
831,38.49,660
832,38.42,369
833,38.49,343
834,38.49,581
835,38.55,422
836,38.42,449
837,38.49,449
838,38.49,343
839,38.55,634
840,38.36,369
841,38.49,396
842,38.36,211
843,38.55,686
844,38.42,422
845,38.49,554
846,38.36,396
847,38.55,898
848,38.42,264
849,38.49,581
850,38.49,369
851,38.49,475
852,38.49,449
853,38.36,369
854,38.42,634
855,38.42,317
856,38.42,290
857,38.49,607
858,38.36,449
859,38.49,528
860,38.36,369
861,38.49,607
862,38.49,554
863,38.42,290
864,38.49,449
865,38.42,369
866,38.49,581
867,38.42,290
868,38.36,449
869,38.49,528
870,38.36,158
871,38.42,396
872,38.49,501
873,38.42,501
874,38.49,369
875,38.42,343
876,38.49,581
877,38.42,317
878,38.49,422
879,38.49,290
880,38.42,422
881,38.49,686
882,38.42,343
883,38.42,660
884,38.49,396
885,38.42,343
886,38.49,422
887,38.36,396
888,38.49,501
889,38.49,449
890,38.36,501
891,38.49,449
892,38.49,501
893,38.36,290
894,38.49,475
895,38.36,237
896,38.49,528
897,38.55,554
898,38.42,317
899,38.42,607
900,38.42,528
901,38.42,369
902,38.49,554
903,38.42,369
904,38.36,343
905,38.49,554
906,38.36,475
907,38.36,396
908,38.49,554
909,38.42,264
910,38.42,343
911,38.49,449
912,38.42,290
913,38.42,475
914,38.49,581
915,38.36,501
916,38.42,581
917,38.42,317
918,38.42,422
919,38.49,607
920,38.49,475
921,38.36,317
922,38.36,581
923,38.49,422
924,38.36,317
925,38.42,686
926,38.49,634
927,38.42,264
928,38.36,396
929,38.42,607
930,38.49,528
931,38.42,290
932,38.36,264
933,38.42,501
934,38.49,660
935,38.36,475
936,38.36,475
937,38.36,422
938,38.42,528
939,38.36,581
940,38.49,396
941,38.36,369
942,38.36,369
943,38.42,264
944,38.42,581
945,38.42,528
946,38.49,501
947,38.49,528
948,38.36,422
949,38.42,422
950,38.42,475
951,38.42,369
952,38.55,369
953,38.49,634
954,38.49,660
955,38.49,660
956,38.42,554
957,38.42,634
958,38.42,343
959,38.42,369
960,38.42,369
961,38.42,317
962,38.36,475
963,38.42,369
964,38.49,369
965,38.42,290
966,38.36,264
967,38.42,528
968,38.42,475
969,38.49,475
970,38.36,422
971,38.3,317
972,38.49,581
973,38.49,501
974,38.3,449
975,38.36,369
976,38.55,528
977,38.49,607
978,38.36,422
979,38.42,422
980,38.42,449
981,38.36,369
982,38.49,634
983,38.42,396
984,38.36,396
985,38.49,475
986,38.36,449
987,38.36,317
988,38.49,660
989,38.36,317
990,38.42,211
991,38.42,660
992,38.36,369
993,38.49,686
994,38.36,343
995,38.42,449
996,38.42,369
997,38.49,449
998,38.36,528
999,38.36,237
1000,38.42,501
1001,38.36,369
1002,38.49,634
1003,38.36,396
1004,38.42,528
1005,38.36,317
1006,38.42,554
1007,38.36,237
1008,38.49,554
1009,38.3,343
1010,38.49,607
1011,38.42,264
1012,38.36,554
1013,38.3,317
1014,38.49,581
1015,38.36,290
1016,38.42,343
1017,38.36,396
1018,38.42,634
1019,38.36,396
1020,38.42,449
1021,38.36,449
1022,38.42,369
1023,38.49,475
1024,38.3,369
1025,38.42,686
1026,38.42,449
1027,38.36,264
1028,38.42,581
1029,38.36,290
1030,38.36,396
1031,38.42,607
1032,38.42,343
1033,38.3,369
1034,38.36,422
1035,38.42,528
1036,38.36,501
1037,38.36,290
1038,38.36,686
1039,38.42,581
1040,38.36,264
1041,38.36,343
1042,38.42,581
1043,38.49,449
1044,38.36,369
1045,38.36,396
1046,38.42,475
1047,38.42,475
1048,38.3,343
1049,38.36,501
1050,38.42,713
1051,38.42,475
1052,38.42,501
1053,38.36,184
1054,38.36,422
1055,38.42,554
1056,38.42,449
1057,38.36,422
1058,38.36,369
1059,38.3,422
1060,38.42,581
1061,38.42,607
1062,38.42,501
1063,38.42,396
1064,38.49,422
1065,38.36,317
1066,38.3,343
1067,38.36,264
1068,38.3,501
1069,38.36,475
1070,38.36,528
1071,38.42,528
1072,38.42,554
1073,38.42,528
1074,38.42,449
1075,38.3,369
1076,38.3,317
1077,38.3,343
1078,38.3,317
1079,38.3,422
1080,38.36,317
1081,38.36,369
1082,38.3,396
1083,38.36,528
1084,38.36,501
1085,38.3,475
1086,38.36,475
1087,38.36,396
1088,38.36,528
1089,38.36,422
1090,38.42,739
1091,38.36,581
1092,38.36,581
1093,38.42,554
1094,38.36,581
1095,38.36,607
1096,38.36,475
1097,38.3,501
1098,38.3,501
1099,38.36,396
1100,38.3,290
1101,38.3,264
1102,38.3,369
1103,38.3,317
1104,38.3,369
1105,38.42,607
1106,38.36,501
1107,38.36,369
1108,38.24,369
1109,38.3,211
1110,38.42,343
1111,38.36,369
1112,38.42,501
1113,38.36,475
1114,38.36,343
1115,38.3,396
1116,38.36,184
1117,38.42,501
1118,38.36,581
1119,38.42,396
1120,38.36,369
1121,38.36,396
1122,38.42,634
1123,38.36,501
1124,38.36,264
1125,38.42,581
1126,38.42,396
1127,38.36,422
1128,38.36,290
1129,38.42,475
1130,38.36,317
1131,38.3,449
1132,38.36,528
1133,38.36,686
1134,38.3,369
1135,38.36,528
1136,38.36,290
1137,38.42,422
1138,38.36,475
1139,38.3,290
1140,38.42,660
1141,38.3,422
1142,38.42,475
1143,38.36,475
1144,38.3,422
1145,38.36,739
1146,38.3,396
1147,38.42,660
1148,38.3,343
1149,38.36,501
1150,38.3,317
1151,38.42,581
1152,38.3,343
1153,38.36,528
1154,38.3,449
1155,38.36,554
1156,38.24,317
1157,38.36,528
1158,38.3,369
1159,38.36,660
1160,38.36,343
1161,38.36,528
1162,38.36,396
1163,38.3,264
1164,38.42,607
1165,38.3,396
1166,38.36,660
1167,38.3,449
1168,38.36,343
1169,38.36,581
1170,38.3,317
1171,38.36,528
1172,38.36,686
1173,38.3,317
1174,38.42,554
1175,38.42,581
1176,38.24,343
1177,38.36,501
1178,38.36,660
1179,38.36,396
1180,38.3,290
1181,38.36,501
1182,38.36,634
1183,38.36,554
1184,38.3,501
1185,38.3,422
1186,38.3,581
1187,38.36,581
1188,38.36,317
1189,38.3,184
1190,38.3,317
1191,38.36,449
1192,38.42,660
1193,38.36,686
1194,38.42,449
1195,38.3,449
1196,38.3,449
1197,38.36,422
1198,38.3,607
1199,38.36,581
1200,38.42,449
1201,38.42,501
1202,38.36,581
1203,38.36,396
1204,38.36,369
1205,38.3,317
1206,38.3,396
1207,38.24,396
1208,38.3,317
1209,38.3,396
1210,38.3,396
1211,38.3,422
1212,38.24,396
1213,38.3,422
1214,38.36,317
1215,38.36,501
1216,38.3,528
1217,38.36,475
1218,38.36,581
1219,38.36,581
1220,38.36,475
1221,38.3,501
1222,38.36,554
1223,38.36,528
1224,38.3,237
1225,38.36,237
1226,38.3,343
1227,38.3,396
1228,38.36,343
1229,38.36,475
1230,38.36,501
1231,38.36,660
1232,38.36,528
1233,38.3,686
1234,38.3,475
1235,38.24,343
1236,38.3,396
1237,38.36,449
1238,38.3,607
1239,38.36,422
1240,38.42,554
1241,38.36,660
1242,38.36,554
1243,38.36,422
1244,38.24,237
1245,38.24,369
1246,38.36,290
1247,38.3,449
1248,38.36,554
1249,38.36,766
1250,38.24,528
1251,38.24,554
1252,38.42,475
1253,38.3,660
1254,38.3,449
1255,38.3,237
1256,38.36,343
1257,38.36,634
1258,38.24,422
1259,38.24,422
1260,38.36,634
1261,38.3,686
1262,38.24,317
1263,38.36,449
1264,38.36,501
1265,38.24,422
1266,38.36,449
1267,38.3,634
1268,38.24,211
1269,38.36,528
1270,38.3,475
1271,38.24,528
1272,38.36,634
1273,38.3,369
1274,38.3,369
1275,38.36,554
1276,38.24,422
1277,38.36,528
1278,38.3,343
1279,38.36,422
1280,38.24,581
1281,38.3,422
1282,38.36,581
1283,38.24,343
1284,38.3,607
1285,38.24,475
1286,38.3,660
1287,38.3,422
1288,38.36,422
1289,38.24,396
1290,38.36,449
1291,38.3,317
1292,38.36,369
1293,38.24,237
1294,38.36,581
1295,38.24,290
1296,38.3,449
1297,38.3,396
1298,38.36,634
1299,38.24,290
1300,38.3,766
1301,38.3,343
1302,38.3,607
1303,38.3,369
1304,38.18,475
1305,38.36,686
1306,38.24,396
1307,38.3,528
1308,38.3,422
1309,38.24,290
1310,38.3,528
1311,38.3,422
1312,38.24,290
1313,38.3,528
1314,38.24,369
1315,38.24,396
1316,38.3,501
1317,38.24,369
1318,38.3,449
1319,38.3,501
1320,38.24,317
1321,38.24,396
1322,38.24,581
1323,38.3,660
1324,38.36,317
1325,38.24,343
1326,38.24,343
1327,38.3,607
1328,38.36,660
1329,38.3,369
1330,38.3,528
1331,38.24,211
1332,38.24,581
1333,38.36,607
1334,38.3,449
1335,38.36,581
1336,38.36,343
1337,38.3,396
1338,38.24,369
1339,38.24,290
1340,38.24,343
1341,38.24,501
1342,38.36,501
1343,38.3,607
1344,38.3,501
1345,38.36,528
1346,38.3,607
1347,38.24,634
1348,38.36,501
1349,38.24,581
1350,38.3,634
1351,38.3,501
1352,38.3,660
1353,38.24,554
1354,38.3,422
1355,38.24,422
1356,38.24,369
1357,38.3,396
1358,38.24,343
1359,38.18,290
1360,38.18,317
1361,38.24,449
1362,38.3,317
1363,38.36,501
1364,38.3,581
1365,38.3,475
1366,38.3,581
1367,38.24,422
1368,38.24,369
1369,38.24,396
1370,38.3,501
1371,38.3,343
1372,38.3,581
1373,38.24,581
1374,38.24,290
1375,38.3,449
1376,38.3,528
1377,38.24,369
1378,38.3,369
1379,38.3,475
1380,38.3,554
1381,38.24,449
1382,38.24,369
1383,38.36,713
1384,38.18,369
1385,38.3,422
1386,38.24,449
1387,38.24,581
1388,38.3,369
1389,38.24,422
1390,38.24,581
1391,38.3,581
1392,38.24,158
1393,38.36,634
1394,38.18,449
1395,38.3,475
1396,38.24,264
1397,38.3,369
1398,38.24,422
1399,38.3,422
1400,38.24,317
1401,38.3,554
1402,38.18,422
1403,38.3,475
1404,38.24,369
1405,38.3,660
1406,38.3,581
1407,38.24,290
1408,38.3,501
1409,38.18,343
1410,38.3,501
1411,38.3,343
1412,38.18,369
1413,38.24,501
1414,38.3,422
1415,38.24,369
1416,38.3,501
1417,38.3,581
1418,38.18,343
1419,38.18,369
1420,38.3,554
1421,38.3,396
1422,38.24,449
1423,38.24,264
1424,38.24,528
1425,38.3,607
1426,38.3,660
1427,38.18,396
1428,38.18,449
1429,38.24,581
1430,38.24,607
1431,38.3,475
1432,38.18,317
1433,38.18,264
1434,38.24,396
1435,38.24,581
1436,38.24,686
1437,38.3,449
1438,38.3,369
1439,38.18,422
1440,38.24,449
1441,38.18,264
1442,38.24,449
1443,38.24,449
1444,38.24,501
1445,38.24,501
1446,38.24,422
1447,38.3,660
1448,38.3,449
1449,38.3,449
1450,38.24,554
1451,38.24,317
1452,38.18,369
1453,38.18,237
1454,38.18,264
1455,38.18,317
1456,38.24,264
1457,38.24,317
1458,38.24,501
1459,38.24,317
1460,38.24,369
1461,38.3,369
1462,38.3,449
1463,38.24,581
1464,38.3,581
1465,38.3,528
1466,38.24,449
1467,38.24,581
1468,38.24,396
1469,38.18,501
1470,38.24,475
1471,38.18,290
1472,38.24,369
1473,38.36,554
1474,38.3,660
1475,38.24,554
1476,38.3,290
1477,38.18,317
1478,38.18,369
1479,38.36,290
1480,38.24,475
1481,38.24,607
1482,38.18,422
1483,38.18,317
1484,38.18,422
1485,38.3,501
1486,38.3,713
1487,38.24,686
1488,38.3,422
1489,38.24,264
1490,38.3,396
1491,38.24,660
1492,38.18,713
1493,38.18,317
1494,38.3,501
1495,38.3,607
1496,38.24,422
1497,38.24,237
1498,38.24,475
1499,38.24,634
1500,38.11,369
1501,38.24,501
1502,38.24,528
1503,38.18,317
1504,38.24,396
1505,38.18,501
1506,38.18,343
1507,38.3,528
1508,38.24,396
1509,38.18,475
1510,38.24,581
1511,38.18,396
1512,38.24,475
1513,38.24,607
1514,38.18,237
1515,38.24,449
1516,38.18,528
1517,38.24,396
1518,38.3,422
1519,38.18,264
1520,38.3,554
1521,38.18,369
1522,38.18,396
1523,38.3,634
1524,38.18,237
1525,38.24,581
1526,38.18,554
1527,38.24,475
1528,38.24,607
1529,38.24,422
1530,38.24,554
1531,38.18,449
1532,38.3,607
1533,38.18,237
1534,38.18,475
1535,38.3,343
1536,38.24,554
1537,38.18,317
1538,38.24,607
1539,38.24,396
1540,38.24,396
1541,38.24,422
1542,38.18,158
1543,38.24,634
1544,38.24,237
1545,38.24,475
1546,38.24,501
1547,38.24,343
1548,38.24,449
1549,38.18,317
1550,38.24,660
1551,38.11,290
1552,38.18,607
1553,38.24,501
1554,38.18,290
1555,38.3,660
1556,38.24,501
1557,38.11,369
1558,38.3,634
1559,38.24,528
1560,38.18,369
1561,38.3,475
1562,38.18,369
1563,38.24,343
1564,38.3,528
1565,38.24,554
1566,38.18,343
1567,38.3,607
1568,38.3,422
1569,38.18,290
1570,38.18,528
1571,38.24,475
1572,38.11,317
1573,38.18,449
1574,38.24,528
1575,38.24,369
1576,38.18,317
1577,38.18,211
1578,38.18,554
1579,38.24,554
1580,38.24,422
1581,38.24,369
1582,38.18,343
1583,38.18,396
1584,38.18,396
1585,38.24,369
1586,38.24,607
1587,38.24,501
1588,38.24,581
1589,38.24,422
1590,38.24,475
1591,38.18,343
1592,38.18,449
1593,38.18,343
1594,38.11,581
1595,38.18,343
1596,38.18,343
1597,38.18,290
1598,38.11,396
1599,38.18,264
1600,38.18,369
1601,38.11,396
1602,38.11,396
1603,38.11,369
1604,38.18,237
1605,38.24,264
1606,38.24,581
1607,38.24,607
1608,38.3,686
1609,38.24,528
1610,38.18,581
1611,38.24,501
1612,38.18,528
1613,38.18,422
1614,38.18,317
1615,38.11,475
1616,38.18,422
1617,38.24,581
1618,38.24,607
1619,38.24,528
1620,38.24,554
1621,38.18,528
1622,38.18,528
1623,38.18,290
1624,38.11,449
1625,38.24,449
1626,38.24,607
1627,38.18,528
1628,38.24,343
1629,38.11,369
1630,38.18,317
1631,38.24,581
1632,38.18,501
1633,38.11,290
1634,38.3,528
1635,38.24,501
1636,38.18,449
1637,38.11,449
1638,38.24,369
1639,38.18,343
1640,38.18,184
1641,38.24,475
1642,38.18,449
1643,38.11,475
1644,38.18,317
1645,38.24,554
1646,38.11,449
1647,38.24,449
1648,38.11,290
1649,38.18,475
1650,38.18,607
1651,38.11,237
1652,38.24,686
1653,38.11,369
1654,38.18,528
1655,38.11,317
1656,38.24,607
1657,38.18,237
1658,38.18,554
1659,38.18,396
1660,38.18,475
1661,38.24,660
1662,38.11,396
1663,38.18,501
1664,38.11,237
1665,38.3,501
1666,38.18,554
1667,38.11,369
1668,38.18,634
1669,38.11,369
1670,38.11,449
1671,38.24,554
1672,38.11,396
1673,38.11,501
1674,38.18,528
1675,38.11,369
1676,38.18,449
1677,38.24,581
1678,38.24,317
1679,38.05,317
1680,38.11,290
1681,38.24,528
1682,38.18,422
1683,38.11,211
1684,38.18,396
1685,38.24,634
1686,38.24,501
1687,38.18,264
1688,38.11,343
1689,38.18,369
1690,38.11,449
1691,38.11,290
1692,38.11,422
1693,38.18,396
1694,38.24,449
1695,38.18,422
1696,38.18,422
1697,38.18,449
1698,38.18,528
1699,38.18,369
1700,38.18,449
1701,38.18,422
1702,38.24,396
1703,38.24,475
1704,38.18,581
1705,38.18,528
1706,38.18,501
1707,38.24,581
1708,38.18,501
1709,38.24,554
1710,38.18,475
1711,38.18,449
1712,38.24,475
1713,38.18,422
1714,38.11,369
1715,38.18,581
1716,38.18,634
1717,38.11,290
1718,38.18,449
1719,38.24,449
1720,38.11,422
1721,38.05,396
1722,38.11,422
1723,38.05,343
1724,38.24,607
1725,38.18,396
1726,38.18,369
1727,38.11,211
1728,38.18,264
1729,38.18,501
1730,38.11,475
1731,38.24,501
1732,38.11,501
1733,38.11,317
1734,38.18,501
1735,38.05,422
1736,38.18,686
1737,38.18,422
1738,38.11,317
1739,38.11,634
1740,38.11,501
1741,38.18,528
1742,38.18,396
1743,38.18,475
1744,38.11,396
1745,38.18,396
1746,38.18,634
1747,38.05,290
1748,38.18,475
1749,38.11,369
1750,38.18,607
1751,38.18,422
1752,38.18,422
1753,38.11,660
1754,38.18,475
1755,38.11,369
1756,38.18,449
1757,38.05,554
1758,38.18,528
1759,38.18,449
1760,38.11,264
1761,38.11,554
1762,38.11,422
1763,38.18,713
1764,38.11,237
1765,38.18,554
1766,38.18,343
1767,38.18,396
1768,38.11,422
1769,38.11,396
1770,38.11,581
1771,38.05,396
1772,38.24,528
1773,38.11,369
1774,38.18,422
1775,38.11,317
1776,38.18,607
1777,38.05,369
1778,38.24,501
1779,38.11,317
1780,38.18,528
1781,38.18,290
1782,38.18,290
1783,38.05,369
1784,38.24,581
1785,38.11,396
1786,38.18,528
1787,38.11,528
1788,38.18,396
1789,38.18,607
1790,38.11,290
1791,38.18,607
1792,38.11,396
1793,38.24,607
1794,38.11,317
1795,38.18,396
1796,38.18,581
1797,38.05,369
1798,38.18,581
1799,38.11,422
1800,38.18,475
1801,38.11,317
1802,38.05,317
1803,38.18,528
1804,38.05,290
1805,38.18,369
1806,38.11,369
1807,38.11,475
1808,38.11,369
1809,38.11,449
1810,38.05,554
1811,38.18,607
1812,38.11,369
1813,38.11,422
1814,38.05,396
1815,38.18,528
1816,38.18,396
1817,38.11,290
1818,38.11,422
1819,38.18,475
1820,38.11,634
1821,38.05,343
1822,38.18,554
1823,38.11,449
1824,38.24,554
1825,38.05,369
1826,38.05,422
1827,38.18,581
1828,38.11,369
1829,38.18,449
1830,38.05,317
1831,38.18,634
1832,38.05,317
1833,38.05,554
1834,38.18,554
1835,38.18,475
1836,38.11,317
1837,38.05,290
1838,38.05,369
1839,38.18,396
1840,38.05,449
1841,38.11,528
1842,38.18,475
1843,38.18,501
1844,38.18,475
1845,38.11,317
1846,38.11,317
1847,38.05,369
1848,38.05,422
1849,38.05,422
1850,38.05,317
1851,38.05,369
1852,38.05,237
1853,38.05,449
1854,38.05,422
1855,38.05,343
1856,38.11,264
1857,38.11,528
1858,38.11,501
1859,38.11,501
1860,38.18,501
1861,38.18,581
1862,38.05,449
1863,38.05,422
1864,38.05,501
1865,38.11,237
1866,38.11,686
1867,38.05,501
1868,38.05,369
1869,38.11,475
1870,38.18,581
1871,38.11,634
1872,38.05,422
1873,38.05,184
1874,38.18,686
1875,38.11,501
1876,38.05,369
1877,38.11,343
1878,38.11,449
1879,38.11,554
1880,38.05,317
1881,38.05,369
1882,38.18,528
1883,38.11,607
1884,38.05,501
1885,38.24,607
1886,38.05,237
1887,38.05,396
1888,38.11,475
1889,38.11,686
1890,38.05,422
1891,38.18,475
1892,38.05,343
1893,38.18,607
1894,38.11,475
1895,38.05,422
1896,38.18,501
1897,38.05,237
1898,38.11,422
1899,38.18,554
1900,38,264
1901,38.18,634
1902,38.24,660
1903,38.05,317
1904,38.05,317
1905,38.18,634
1906,38.11,396
1907,38.05,475
1908,38.18,607
1909,38.11,317
1910,38.05,343
1911,38.11,290
1912,38.18,660
1913,38.11,501
1914,38.05,369
1915,38.05,607
1916,38.18,554
1917,38.05,264
1918,38.05,369
1919,38.18,634
1920,38.11,554
1921,38,449
1922,38.05,501
1923,38.11,554
1924,38.11,554
1925,38.11,369
1926,38.05,264
1927,38.05,369
1928,38.18,660
1929,38.11,554
1930,38.11,290
1931,38.11,317
1932,38.05,607
1933,38.11,554
1934,38.11,396
1935,38.05,317
1936,38.05,264
1937,38.11,528
1938,38.11,501
1939,38.11,501
1940,38.11,581
1941,38.11,396
1942,38.05,290
1943,38,422
1944,38.05,422
1945,38.11,422
1946,38.18,317
1947,38.11,422
1948,38,317
1949,38.11,290
1950,38.11,554
1951,38.11,660
1952,38.18,475
1953,38.05,449
1954,38,501
1955,38.11,581
1956,38.11,343
1957,38.11,369
1958,38,475
1959,38.05,369
1960,38.05,528
1961,38.11,528
1962,38.11,581
1963,38.11,449
1964,38,369
1965,38,369
1966,38.11,554
1967,38.11,475
1968,38.11,369
1969,38.11,475
1970,38.05,211
1971,38.05,264
1972,38.11,396
1973,38.11,581
1974,38.11,607
1975,38.18,634
1976,38.11,634
1977,38.11,369
1978,38.05,422
1979,38,317
1980,38.05,449
1981,38.05,528
1982,38.11,528
1983,38.11,607
1984,38.05,237
1985,38.05,396
1986,38.11,369
1987,38.05,264
1988,38.05,369
1989,38.05,343
1990,38.05,581
1991,38.11,581
1992,38.11,634
1993,38.11,554
1994,38.11,686
1995,38.05,290
1996,38,449
1997,38,290
1998,38.05,475
1999,38,449
2000,38.05,264
2001,38.05,422
2002,38.05,501
2003,38,422
2004,38.05,449
2005,38.11,396
2006,38.18,607
2007,38.11,581
2008,38.11,475
2009,38.11,449
2010,38.05,396
2011,38.05,501
2012,38.11,343
2013,38,317
2014,38.05,369
2015,38.05,369
2016,38.05,528
2017,38.11,343
2018,38.05,554
2019,38,396
2020,38.05,369
2021,38.11,634
2022,38.05,528
2023,38.11,634
2024,38,290
2025,38.05,343
2026,38.11,686
2027,38,317
2028,38.05,475
2029,38.11,739
2030,38.05,449
2031,38.05,369
2032,38.05,528
2033,38.05,449
2034,38,343
2035,38.11,501
2036,38.05,581
2037,38,396
2038,38.05,581
2039,38,369
2040,38.05,290
2041,38.05,686
2042,38,317
2043,38.11,396
2044,38.05,475
2045,38,264
2046,38.11,581
2047,38.05,396
2048,38.11,369
2049,38.05,475
2050,38,396
2051,38.11,554
2052,38,237
2053,38.05,528
2054,38.05,396
2055,38.11,819
2056,38,343
2057,38.11,475
2058,38,369
2059,38.11,607
2060,38,343
2061,38.05,581
2062,38,317
2063,38.05,739
2064,37.94,449
2065,38.05,554
2066,38.05,449
2067,38.05,422
2068,38.11,581
2069,38,264
2070,38.11,766
2071,38.11,422
2072,37.94,369
2073,38.05,713
2074,38.05,369
2075,38,396
2076,38.05,607
2077,38,264
2078,38,422
2079,38.11,660
2080,38.11,158
2081,38,264
2082,38,528
2083,38.05,581
2084,38.11,422
2085,38,449
2086,38.05,290
2087,38.05,581
2088,38.05,475
2089,38.11,713
2090,38,369
2091,38,317
2092,38,396
2093,38,581
2094,38.11,713
2095,38.05,449
2096,38.05,528
2097,38.05,369
2098,38,449
2099,38,184
2100,38,343
2101,38,264
2102,38,343
2103,38,343
2104,37.94,264
2105,38.05,607
2106,38,396
2107,38,422
2108,38.05,369
2109,38,343
2110,38,317
2111,38,343
2112,38,290
2113,38,264
2114,38.11,422
2115,38.05,475
2116,38.11,739
2117,38,792
2118,38,422
2119,37.94,475
2120,38,396
2121,38.05,396
2122,38.05,396
2123,38.05,449
2124,38.05,501
2125,38,343
2126,38,396
2127,38.05,369
2128,38.05,554
2129,38.05,554
2130,38.11,422
2131,38,396
2132,38,343
2133,38.05,554
2134,38.05,554
2135,38.05,369
2136,37.94,396
2137,38.05,634
2138,38.05,713
2139,38,475
2140,37.94,369
2141,38.05,634
2142,38,607
2143,38,396
2144,38.05,449
2145,38.05,607
2146,38.05,343
2147,38.05,554
2148,38,475
2149,38.05,422
2150,38.05,607
2151,37.94,369
2152,38.05,501
2153,38,369
2154,38.11,528
2155,38,396
2156,38.05,343
2157,38.05,449
2158,38.05,396
2159,38,554
2160,38,422
2161,38,449
2162,38.05,607
2163,37.88,396
2164,38.05,422
2165,38,211
2166,38.05,475
2167,38.05,422
2168,38,660
2169,38,369
2170,38,343
2171,38.05,660
2172,38,369
2173,38.05,554
2174,38.05,317
2175,37.94,422
2176,38,343
2177,38.05,528
2178,37.94,475
2179,37.94,396
2180,38.05,528
2181,38.05,369
2182,38,396
2183,38.05,634
2184,38.05,475
2185,37.94,290
2186,37.94,396
2187,38.05,449
2188,38,317
2189,38,264
2190,38.05,607
2191,38.05,501
2192,38.05,317
2193,37.94,396
2194,37.94,475
2195,38.05,660
2196,38,422
2197,38,396
2198,38,290
2199,38,343
2200,38.05,501
2201,38.05,686
2202,37.94,290
2203,38,501
2204,38,581
2205,38.05,501
2206,38,369
2207,38,369
2208,38,264
2209,37.94,369
2210,38.05,634
2211,38.11,528
2212,38.05,475
2213,38,449
2214,37.94,369
2215,38,501
2216,38,501
2217,38.05,449
2218,38,290
2219,38,369
2220,37.94,343
2221,38,343
2222,38.05,607
2223,38,449
2224,38,528
2225,38.05,554
2226,38.05,554
2227,38,686
2228,38.05,634
2229,38.05,634
2230,38.11,660
2231,38.05,449
2232,38.05,607
2233,38.05,660
2234,38.05,739
2235,38.05,501
2236,38.05,554
2237,38,686
2238,38.05,660
2239,38.05,581
2240,38.05,634
2241,38.05,369
2242,37.94,290
2243,37.94,211
2244,38,369
2245,37.94,343
2246,37.94,396
2247,38,422
2248,38,449
2249,38.05,501
2250,38,634
2251,37.94,475
2252,38,396
2253,37.94,422
2254,38,422
2255,38.11,634
2256,38,554
2257,38,449
2258,37.94,317
2259,38,422
2260,38.05,449
2261,37.94,449
2262,37.94,449
2263,38,369
2264,38.05,528
2265,38,528
2266,37.94,422
2267,37.94,317
2268,38,396
2269,38,501
2270,37.88,290
2271,38,317
2272,38,501
2273,37.94,581
2274,38,317
2275,38.05,343
2276,38,607
2277,37.94,422
2278,38,554
2279,38,554
2280,37.94,317
2281,38,607
2282,38.05,713
2283,37.94,396
2284,38,713
2285,37.94,422
2286,38,422
2287,38,581
2288,37.94,343
2289,38,634
2290,38,475
2291,38,396
2292,37.94,501
2293,37.94,317
2294,38,607
2295,37.94,317
2296,38,475
2297,37.94,422
2298,38,396
2299,38,686
2300,37.94,237
2301,38,501
2302,37.88,475
2303,38.05,581
2304,37.94,369
2305,38,581
2306,37.94,369
2307,38,634
2308,37.94,343
2309,38,634
2310,37.94,396
2311,38,634
2312,37.94,422
2313,37.94,317
2314,38.05,501
2315,37.88,290
2316,38,686
2317,38,501
2318,37.88,317
2319,37.94,501
2320,38,686
2321,37.94,317
2322,37.94,422
2323,38,581
2324,38,369
2325,37.94,343
2326,38,528
2327,37.94,528
2328,38,581
2329,37.94,264
2330,37.88,475
2331,38,290
2332,37.94,501
2333,38.05,607
2334,38,422
2335,38,501
2336,38,369
2337,37.94,343
2338,37.94,343
2339,37.94,317
2340,37.94,317
2341,37.94,396
2342,37.94,317
2343,38,660
2344,37.94,607
2345,37.94,528
2346,38.05,581
2347,37.94,607
2348,38,607
2349,37.94,581
2350,37.94,369
2351,37.94,422
2352,37.88,343
2353,37.94,317
2354,37.94,396
2355,37.94,396
2356,37.94,317
2357,38,449
2358,38,528
2359,38.05,581
2360,38,581
2361,37.94,369
2362,37.88,369
2363,37.94,211
2364,38,422
2365,38,475
2366,38,634
2367,37.94,317
2368,37.94,317
2369,38,554
2370,38,554
2371,37.94,449
2372,37.94,317
2373,38.05,369
2374,37.94,449
2375,37.88,317
2376,37.88,369
2377,38,581
2378,37.94,554
2379,37.88,317
2380,38,475
2381,38,501
2382,37.94,237
2383,38,475
2384,38,607
2385,37.88,369
2386,37.94,607
2387,37.94,554
2388,37.94,237
2389,38,528
2390,37.88,317
2391,37.88,369
2392,38,475
2393,37.81,369
2394,38,528
2395,37.94,475
2396,38,634
2397,37.88,369
2398,38,501
2399,37.94,264
2400,38,501
2401,37.88,343
2402,37.94,449
2403,37.94,449
2404,37.94,501
2405,37.88,422
2406,37.94,501
2407,37.88,290
2408,37.94,581
2409,38,634
2410,37.88,369
2411,37.94,713
2412,37.94,449
2413,37.94,343
2414,37.94,607
2415,37.94,528
2416,37.88,422
2417,37.94,422
2418,38,554
2419,37.94,449
2420,37.88,211
2421,38,607
2422,38,607
2423,37.88,369
2424,37.88,369
2425,37.94,528
2426,37.94,290
2427,37.88,396
2428,37.94,422
2429,38,686
2430,37.94,475
2431,37.88,237
2432,37.88,528
2433,37.94,369
2434,37.88,317
2435,37.94,396
2436,38,634
2437,37.94,396
2438,37.88,396
2439,37.88,607
2440,37.94,554
2441,37.81,343
2442,37.94,369
2443,37.94,686
2444,37.94,528
2445,37.88,317
2446,37.88,449
2447,37.88,528
2448,37.94,396
2449,37.94,475
2450,37.88,369
2451,37.88,449
2452,37.94,501
2453,37.94,554
2454,37.94,449
2455,37.88,396
2456,37.88,369
2457,37.94,501
2458,37.94,528
2459,37.94,343
2460,37.88,317
2461,37.88,290
2462,37.88,264
2463,37.88,396
2464,37.94,501
2465,37.94,422
2466,38,634
2467,37.94,554
2468,37.94,607
2469,37.94,528
2470,38,554
2471,37.94,581
2472,37.94,528
2473,37.94,449
2474,37.94,449
2475,37.88,528
2476,38,581
2477,37.94,475
2478,37.94,634
2479,37.94,449
2480,37.94,475
2481,37.88,343
2482,37.88,264
2483,37.88,343
2484,37.88,317
2485,37.94,475
2486,37.88,501
2487,37.94,369
2488,37.81,369
2489,37.94,554
2490,37.94,528
2491,37.88,607
2492,37.88,290
2493,37.81,317
2494,37.94,422
2495,38,581
2496,37.81,449
2497,37.88,528
2498,38,634
2499,37.88,581
2500,37.81,237
2501,37.94,422
2502,37.88,501
2503,37.88,264
2504,37.94,607
2505,37.88,660
2506,37.94,237
2507,37.88,501
2508,37.88,581
2509,37.88,369
2510,37.94,449
2511,37.88,211
2512,37.88,396
2513,37.94,475
2514,37.81,237
2515,38,686
2516,37.81,475
2517,37.94,422
2518,37.88,449
2519,37.88,317
2520,37.88,581
2521,37.94,369
2522,37.88,528
2523,37.81,396
2524,37.94,713
2525,37.88,369
2526,37.81,581
2527,37.94,766
2528,37.81,264
2529,37.88,449
2530,37.81,369
2531,37.94,396
2532,37.81,317
2533,37.94,528
2534,37.88,396
2535,37.88,369
2536,37.88,396
2537,37.81,396
2538,37.94,501
2539,37.81,396
2540,37.88,449
2541,37.94,660
2542,37.81,343
2543,37.88,475
2544,37.94,686
2545,37.81,343
2546,37.81,422
2547,37.88,475
2548,37.88,396
2549,37.81,396
2550,37.88,475
2551,37.94,396
2552,37.94,528
2553,37.94,369
2554,37.81,369
2555,37.81,290
2556,37.88,422
2557,37.88,343
2558,37.88,554
2559,37.94,660
2560,37.88,686
2561,37.94,501
2562,37.88,528
2563,37.94,739
2564,37.88,422
2565,37.88,581
2566,37.88,554
2567,37.88,686
2568,37.88,475
2569,37.88,554
2570,37.88,554
2571,37.88,554
2572,37.88,501
2573,37.94,290
2574,37.81,528
2575,37.75,343
2576,37.88,369
2577,37.88,343
2578,37.94,607
2579,37.94,449
2580,37.88,607
2581,37.81,422
2582,37.81,211
2583,37.88,528
2584,37.88,501
2585,37.88,501
2586,37.81,317
2587,37.88,369
2588,37.88,634
2589,37.75,396
2590,37.94,528
2591,37.88,581
2592,37.81,290
2593,37.94,581
2594,37.81,317
2595,37.88,607
2596,37.81,396
2597,37.88,634
2598,37.81,317
2599,37.94,528
2600,37.81,237
2601,37.81,501
2602,37.88,343
2603,37.88,581
2604,37.88,369
2605,37.81,449
2606,37.88,475
2607,37.81,343
2608,37.94,501
2609,37.88,422
2610,37.81,369
2611,37.94,449
2612,37.81,290
2613,37.88,607
2614,37.94,501
2615,37.75,290
2616,37.81,607
2617,37.88,581
2618,37.75,343
2619,37.81,422
2620,37.94,554
2621,37.88,528
2622,37.75,475
2623,37.81,317
2624,37.81,581
2625,37.88,581
2626,37.88,422
2627,37.75,343
2628,37.81,369
2629,37.81,264
2630,37.81,396
2631,37.88,449
2632,37.88,528
2633,37.88,581
2634,37.88,634
2635,37.81,634
2636,37.81,607
2637,37.88,554
2638,37.81,660
2639,37.81,475
2640,37.81,396
2641,37.81,264
2642,37.81,501
2643,37.81,264
2644,37.81,369
2645,37.88,501
2646,37.88,475
2647,37.81,634
2648,37.75,369
2649,37.75,475
2650,37.81,343
2651,37.88,528
2652,37.88,475
2653,37.81,396
2654,37.81,317
2655,37.75,343
2656,37.88,607
2657,37.75,449
2658,37.75,501
2659,37.88,475
2660,37.88,581
2661,37.75,290
2662,37.81,369
2663,37.88,554
2664,37.75,264
2665,37.88,501
2666,37.88,660
2667,37.75,237
2668,37.81,475
2669,37.81,554
2670,37.81,449
2671,37.81,528
2672,37.81,343
2673,37.81,422
2674,37.75,422
2675,37.88,396
2676,37.81,475
2677,37.81,422
2678,37.81,422
2679,37.88,475
2680,37.81,422
2681,37.81,528
2682,37.75,290
2683,37.81,501
2684,37.81,290
2685,37.81,475
2686,37.75,317
2687,37.81,581
2688,37.75,211
2689,37.75,343
2690,37.88,686
2691,37.75,369
2692,37.88,554
2693,37.81,449
2694,37.81,422
2695,37.81,475
2696,37.88,607
2697,37.81,634
2698,37.81,449
2699,37.81,607
2700,37.69,528
2701,37.75,713
2702,37.63,607
2703,37.75,792
2704,37.63,871
2705,37.63,607
2706,37.63,739
2707,37.5,845
2708,37.63,977
2709,37.56,713
2710,37.56,845
2711,37.5,898
2712,37.5,792
2713,37.56,951
2714,37.69,317
2715,37.69,739
2716,37.69,237
2717,37.81,660
2718,37.69,396
2719,37.81,634
2720,37.69,290
2721,37.81,607
2722,37.69,396
2723,37.75,475
2724,37.75,501
2725,37.69,396
2726,37.81,554
2727,37.69,369
2728,37.75,501
2729,37.75,607
2730,37.69,343
2731,37.81,634
2732,37.69,422
2733,37.69,317
2734,37.81,581
2735,37.69,475
2736,37.75,475
2737,37.81,369
2738,37.69,317
2739,37.75,528
2740,37.75,369
2741,37.75,607
2742,37.69,475
2743,37.81,528
2744,37.69,343
2745,37.81,607
2746,37.69,343
2747,37.75,449
2748,37.75,317
2749,37.75,554
2750,37.75,475
2751,37.69,554
2752,37.81,396
2753,37.69,264
2754,37.88,528
2755,37.75,396
2756,37.75,449
2757,37.81,528
2758,37.69,528
2759,37.75,607
2760,37.81,634
2761,37.69,317
2762,37.75,634
2763,37.75,528
2764,37.69,317
2765,37.75,528
2766,37.75,581
2767,37.69,396
2768,37.69,554
2769,37.75,422
2770,37.69,369
2771,37.69,317
2772,37.75,554
2773,37.81,475
2774,37.75,396
2775,37.63,343
2776,37.75,264
2777,37.75,554
2778,37.75,449
2779,37.75,449
2780,37.75,396
2781,37.75,422
2782,37.69,343
2783,37.69,396
2784,37.69,317
2785,37.63,264
2786,37.69,290
2787,37.75,290
2788,37.69,317
2789,37.69,343
2790,37.63,264
2791,37.63,264
2792,37.69,290
2793,37.75,449
2794,37.75,396
2795,37.75,581
2796,37.69,422
2797,37.69,396
2798,37.75,369
2799,37.75,581
2800,37.69,607
2801,37.69,343
2802,37.69,396
2803,37.75,528
2804,37.75,449
2805,37.69,422
2806,37.75,554
2807,37.69,264
2808,37.69,369
2809,37.69,607
2810,37.63,422
2811,37.75,581
2812,37.69,290
2813,37.75,501
2814,37.63,422
2815,37.75,528
2816,37.63,264
2817,37.75,581
2818,37.69,317
2819,37.75,581
2820,37.75,317
2821,37.63,369
2822,37.69,501
2823,37.69,290
2824,37.63,317
2825,37.75,501
2826,37.75,475
2827,37.75,396
2828,37.63,290
2829,37.63,396
2830,37.69,501
2831,37.69,422
2832,37.75,660
2833,37.75,396
2834,37.69,475
2835,37.69,449
2836,37.63,396
2837,37.63,211
2838,37.63,343
2839,37.63,317
2840,37.63,317
2841,37.69,369
2842,37.63,369
2843,37.63,396
2844,37.69,422
2845,37.69,396
2846,37.75,422
2847,37.75,528
2848,37.75,581
2849,37.69,475
2850,37.69,396
2851,37.63,211
2852,37.69,264
2853,37.75,686
2854,37.63,449
2855,37.63,211
2856,37.69,449
2857,37.69,554
2858,37.69,449
2859,37.63,369
2860,37.75,449
2861,37.63,317
2862,37.69,449
2863,37.69,528
2864,37.63,237
2865,37.69,528
2866,37.56,369
2867,37.69,475
2868,37.63,396
2869,37.69,660
2870,37.56,369
2871,37.69,475
2872,37.56,290
2873,37.69,554
2874,37.69,501
2875,37.63,369
2876,37.69,528
2877,37.63,264
2878,37.63,396
2879,37.75,554
2880,37.63,449
2881,37.63,422
2882,37.69,528
2883,37.69,554
2884,37.63,343
2885,37.69,369
2886,37.63,581
2887,37.69,581
2888,37.75,607
2889,37.69,501
2890,37.63,449
2891,37.56,422
2892,37.56,343
2893,37.63,211
2894,37.69,369
2895,37.63,422
2896,37.63,422
2897,37.63,554
2898,37.63,554
2899,37.63,475
2900,37.56,581
2901,37.63,369
2902,37.63,343
2903,37.56,475
2904,37.63,317
2905,37.69,343
2906,37.69,554
2907,37.69,554
2908,37.63,422
2909,37.56,290
2910,37.63,501
2911,37.75,607
2912,37.63,528
2913,37.56,158
2914,37.63,501
2915,37.63,634
2916,37.63,343
2917,37.63,290
2918,37.69,475
2919,37.56,343
2920,37.69,343
2921,37.69,713
2922,37.56,264
2923,37.69,369
2924,37.56,422
2925,37.56,396
2926,37.69,475
2927,37.63,449
2928,37.63,528
2929,37.69,422
2930,37.56,317
2931,37.63,501
2932,37.63,343
2933,37.63,634
2934,37.63,369
2935,37.56,475
2936,37.63,422
2937,37.63,449
2938,37.63,396
2939,37.63,343
2940,37.56,449
2941,37.69,528
2942,37.63,501
2943,37.63,607
2944,37.63,369
2945,37.56,343
2946,37.56,449
2947,37.63,607
2948,37.63,607
2949,37.63,475
2950,37.5,475
2951,37.63,581
2952,37.63,634
2953,37.63,396
2954,37.63,554
2955,37.63,369
2956,37.56,607
2957,37.63,634
2958,37.56,422
2959,37.56,343
2960,37.63,581
2961,37.63,343
2962,37.63,528
2963,37.56,317
2964,37.63,396
2965,37.56,422
2966,37.56,475
2967,37.63,449
2968,37.5,264
2969,37.63,686
2970,37.56,396
2971,37.56,501
2972,37.56,343
2973,37.63,369
2974,37.63,581
2975,37.56,449
2976,37.63,581
2977,37.56,343
2978,37.56,317
2979,37.69,634
2980,37.5,237
2981,37.56,581
2982,37.63,343
2983,37.5,343
2984,37.63,792
2985,37.5,449
2986,37.56,554
2987,37.56,449
2988,37.56,369
2989,37.63,739
2990,37.56,290
2991,37.56,475
2992,37.56,422
2993,37.5,343
2994,37.63,607
2995,37.5,343
2996,37.56,528
2997,37.56,528
2998,37.5,317
2999,37.63,634
3000,37.63,501
3001,37.5,475
3002,37.56,528
3003,37.5,343
3004,37.56,713
3005,37.5,396
3006,37.5,475
3007,37.56,607
3008,37.45,369
3009,37.5,264
3010,37.56,317
3011,37.63,475
3012,37.56,369
3013,37.56,317
3014,37.5,369
3015,37.45,501
3016,37.56,686
3017,37.56,528
3018,37.56,317
3019,37.63,396
3020,37.56,369
3021,37.5,581
3022,37.56,396
3023,37.5,449
3024,37.56,660
3025,37.56,396
3026,37.56,422
3027,37.5,449
3028,37.56,449
3029,37.56,475
3030,37.56,422
3031,37.5,343
3032,37.56,422
3033,37.5,290
3034,37.56,554
3035,37.5,422
3036,37.5,343
3037,37.56,475
3038,37.56,501
3039,37.5,237
3040,37.5,501
3041,37.56,607
3042,37.5,449
3043,37.56,422
3044,37.45,343
3045,37.45,317
3046,37.5,343
3047,37.45,396
3048,37.5,343
3049,37.5,449
3050,37.5,554
3051,37.5,528
3052,37.56,581
3053,37.45,343
3054,37.5,449
3055,37.45,475
3056,37.5,369
3057,37.45,396
3058,37.5,396
3059,37.56,501
3060,37.5,607
3061,37.56,501
3062,37.45,396
3063,37.5,290
3064,37.56,501
3065,37.45,343
3066,37.5,317
3067,37.5,501
3068,37.45,369
3069,37.5,449
3070,37.5,237
3071,37.5,528
3072,37.5,317
3073,37.5,343
3074,37.5,501
3075,37.5,396
3076,37.5,554
3077,37.56,475
3078,37.45,501
3079,37.56,581
3080,37.5,449
3081,37.45,369
3082,37.45,607
3083,37.5,369
3084,37.45,317
3085,37.45,369
3086,37.45,581
3087,37.5,607
3088,37.56,554
3089,37.5,475
3090,37.45,396
3091,37.45,343
3092,37.45,264
3093,37.5,264
3094,37.39,396
3095,37.45,317
3096,37.5,317
3097,37.45,396
3098,37.5,317
3099,37.5,581
3100,37.5,686
3101,37.5,581
3102,37.45,184
3103,37.39,264
3104,37.5,396
3105,37.45,501
3106,37.39,475
3107,37.45,422
3108,37.5,501
3109,37.45,554
3110,37.45,264
3111,37.5,449
3112,37.39,369
3113,37.5,528
3114,37.45,317
3115,37.5,475
3116,37.39,211
3117,37.5,554
3118,37.45,317
3119,37.45,501
3120,37.5,581
3121,37.45,343
3122,37.45,528
3123,37.5,528
3124,37.45,475
3125,37.39,343
3126,37.45,422
3127,37.39,422
3128,37.5,581
3129,37.45,528
3130,37.45,686
3131,37.45,449
3132,37.5,501
3133,37.45,422
3134,37.45,581
3135,37.45,369
3136,37.45,528
3137,37.5,343
3138,37.5,554
3139,37.45,501
3140,37.45,528
3141,37.39,422
3142,37.39,475
3143,37.45,422
3144,37.45,396
3145,37.45,501
3146,37.39,396
3147,37.39,317
3148,37.5,634
3149,37.39,449
3150,37.39,369
3151,37.39,581
3152,37.39,317
3153,37.45,554
3154,37.39,317
3155,37.45,660
3156,37.33,290
3157,37.45,554
3158,37.26,449
3159,37.39,686
3160,37.39,396
3161,37.39,528
3162,37.45,396
3163,37.45,475
3164,37.45,501
3165,37.39,317
3166,37.45,607
3167,37.45,422
3168,37.39,317
3169,37.45,422
3170,37.45,581
3171,37.39,528
3172,37.39,369
3173,37.39,528
3174,37.45,581
3175,37.39,528
3176,37.39,422
3177,37.33,211
3178,37.39,264
3179,37.39,396
3180,37.39,449
3181,37.39,607
3182,37.45,634
3183,37.39,501
3184,37.45,766
3185,37.39,528
3186,37.39,713
3187,37.45,607
3188,37.39,422
3189,37.39,343
3190,37.39,290
3191,37.39,528
3192,37.39,528
3193,37.33,528
3194,37.33,317
3195,37.39,528
3196,37.45,607
3197,37.33,290
3198,37.33,343
3199,37.45,501
3200,37.33,264
3201,37.39,475
3202,37.45,528
3203,37.33,343
3204,37.39,528
3205,37.33,343
3206,37.45,660
3207,37.33,211
3208,37.39,475
3209,37.26,317
3210,37.39,607
3211,37.39,290
3212,37.26,449
3213,37.39,554
3214,37.39,317
3215,37.26,396
3216,37.39,581
3217,37.39,501
3218,37.26,528
3219,37.33,396
3220,37.39,581
3221,37.39,528
3222,37.39,396
3223,37.33,501
3224,37.33,501
3225,37.33,317
3226,37.33,343
3227,37.33,422
3228,37.39,422
3229,37.39,475
3230,37.33,369
3231,37.33,396
3232,37.33,396
3233,37.26,264
3234,37.33,290
3235,37.39,264
3236,37.33,475
3237,37.39,501
3238,37.33,475
3239,37.26,264
3240,37.26,369
3241,37.33,317
3242,37.39,475
3243,37.26,290
3244,37.26,369
3245,37.39,581
3246,37.2,369
3247,37.33,369
3248,37.33,422
3249,37.26,369
3250,37.33,581
3251,37.33,475
3252,37.33,554
3253,37.33,501
3254,37.26,449
3255,37.33,317
3256,37.26,290
3257,37.33,607
3258,37.26,475
3259,37.2,369
3260,37.33,581
3261,37.33,501
3262,37.33,343
3263,37.26,369
3264,37.26,343
3265,37.26,290
3266,37.26,422
3267,37.33,449
3268,37.26,449
3269,37.26,396
3270,37.33,317
3271,37.26,475
3272,37.26,369
3273,37.33,396
3274,37.26,449
3275,37.26,343
3276,37.26,422
3277,37.2,237
3278,37.26,317
3279,37.33,581
3280,37.26,422
3281,37.2,449
3282,37.26,449
3283,37.33,501
3284,37.26,501
3285,37.33,343
3286,37.33,634
3287,37.2,343
3288,37.33,581
3289,37.2,290
3290,37.26,528
3291,37.2,290
3292,37.33,581
3293,37.2,237
3294,37.2,396
3295,37.33,554
3296,37.2,317
3297,37.26,422
3298,37.33,739
3299,37.2,317
3300,37.2,290
3301,37.26,528
3302,37.33,449
3303,37.26,369
3304,37.2,422
3305,37.26,264
3306,37.2,343
3307,37.2,369
3308,37.26,264
3309,37.2,369
3310,37.2,422
3311,37.26,449
3312,37.2,369
3313,37.26,528
3314,37.26,634
3315,37.26,607
3316,37.14,290
3317,37.26,396
3318,37.26,554
3319,37.2,422
3320,37.2,237
3321,37.26,554
3322,37.2,343
3323,37.26,290
3324,37.26,581
3325,37.26,343
3326,37.26,739
3327,37.2,369
3328,37.26,528
3329,37.2,475
3330,37.2,317
3331,37.33,554
3332,37.14,396
3333,37.2,449
3334,37.26,528
3335,37.2,343
3336,37.14,422
3337,37.26,528
3338,37.2,449
3339,37.2,290
3340,37.14,422
3341,37.2,237
3342,37.2,554
3343,37.26,554
3344,37.26,475
3345,37.26,501
3346,37.26,528
3347,37.2,607
3348,37.26,528
3349,37.26,739
3350,37.2,634
3351,37.2,607
3352,37.14,290
3353,37.14,343
3354,37.2,475
3355,37.2,501
3356,37.08,422
3357,37.2,343
3358,37.2,581
3359,37.2,369
3360,37.2,264
3361,37.2,581
3362,37.14,343
3363,37.26,501
3364,37.14,317
3365,37.2,475
3366,37.2,369
3367,37.2,581
3368,37.14,369
3369,37.26,607
3370,37.2,449
3371,37.14,264
3372,37.2,581
3373,37.2,501
3374,37.14,211
3375,37.14,475
3376,37.2,686
3377,37.2,475
3378,37.2,501
3379,37.14,422
3380,37.14,369
3381,37.14,396
3382,37.08,475
3383,37.14,369
3384,37.14,422
3385,37.14,396
3386,37.2,501
3387,37.14,554
3388,37.14,528
3389,37.14,369
3390,37.08,184
3391,37.08,396
3392,37.2,422
3393,37.14,422
3394,37.08,369
3395,37.14,343
3396,37.14,528
3397,37.08,449
3398,37.26,422
3399,37.14,607
3400,37.08,343
3401,37.2,475
3402,37.08,290
3403,37.14,554
3404,37.14,475
3405,37.14,686
3406,37.08,237
3407,37.2,739
3408,37.08,396
3409,37.08,501
3410,37.2,422
3411,37.08,369
3412,37.14,449
3413,37.2,528
3414,37.08,396
3415,37.08,475
3416,37.08,449
3417,37.14,554
3418,37.14,554
3419,37.08,449
3420,37.08,237
3421,37.08,184
3422,37.14,528
3423,37.14,634
3424,37.14,634
3425,37.14,475
3426,37.14,396
3427,37.08,449
3428,37.08,449
3429,37.08,422
3430,37.08,369
3431,37.01,369
3432,37.08,396
3433,37.08,554
3434,37.14,660
3435,37.14,554
3436,37.14,449
3437,37.01,317
3438,37.08,396
3439,37.14,422
3440,37.01,607
3441,36.95,475
3442,37.14,449
3443,37.08,528
3444,37.01,449
3445,37.08,343
3446,37.08,422
3447,37.01,449
3448,37.08,290
3449,37.14,581
3450,37.08,449
3451,37.01,369
3452,37.08,528
3453,37.01,369
3454,37.14,607
3455,37.01,184
3456,36.95,554
3457,37.08,449
3458,37.08,369
3459,37.08,343
3460,37.08,317
3461,37.14,607
3462,37.01,343
3463,37.01,449
3464,37.08,607
3465,37.08,343
3466,36.95,290
3467,37.01,554
3468,37.08,422
3469,36.95,343
3470,37.01,237
3471,37.08,475
3472,37.08,713
3473,37.01,475
3474,37.14,713
3475,37.01,475
3476,37.08,475
3477,37.08,449
3478,37.08,634
3479,37.08,369
3480,37.08,554
3481,37.01,475
3482,37.08,634
3483,37.08,449
3484,37.01,607
3485,36.95,475
3486,37.01,264
3487,36.95,396
3488,37.01,343
3489,37.08,422
3490,37.01,501
3491,37.01,475
3492,36.9,554
3493,37.01,475
3494,37.08,369
3495,37.01,449
3496,36.95,343
3497,37.01,449
3498,37.01,369
3499,37.01,396
3500,36.95,290
3501,37.01,422
3502,37.08,581
3503,36.95,290
3504,37.01,317
3505,36.95,581
3506,36.95,343
3507,36.95,343
3508,36.95,396
3509,37.08,634
3510,36.95,290
3511,37.01,475
3512,36.9,343
3513,37.01,396
3514,37.01,554
3515,37.01,660
3516,36.9,317
3517,37.01,660
3518,37.01,554
3519,36.95,422
3520,36.95,396
3521,36.9,290
3522,36.95,317
3523,36.95,369
3524,36.9,343
3525,36.95,290
3526,36.95,184
3527,36.95,237
3528,36.9,343
3529,36.95,317
3530,36.95,449
3531,36.9,422
3532,36.9,396
3533,36.95,396
3534,36.95,501
3535,36.95,369
3536,36.95,369
3537,36.95,422
3538,36.9,501
3539,36.84,369
3540,36.95,422
3541,37.01,581
3542,36.9,317
3543,36.95,396
3544,36.95,528
3545,36.9,369
3546,37.01,739
3547,36.9,317
3548,36.95,501
3549,36.84,475
3550,36.95,528
3551,36.9,237
3552,36.95,634
3553,36.95,528
3554,36.9,237
3555,36.9,501
3556,36.95,501
3557,36.9,343
3558,36.77,290
3559,36.84,264
3560,36.9,528
3561,36.95,581
3562,36.9,422
3563,36.95,449
3564,36.9,422
3565,36.95,554
3566,36.95,369
3567,36.95,581
3568,36.9,396
3569,36.95,713
3570,36.84,607
3571,36.9,343
3572,36.84,290
3573,36.84,396
3574,36.95,449
3575,36.9,475
3576,36.84,317
3577,36.9,581
3578,36.9,501
3579,36.84,264
3580,36.95,634
3581,36.84,290
3582,36.9,422
3583,36.9,264
3584,36.9,475
3585,36.77,264
3586,36.9,554
3587,36.84,343
3588,36.84,449
3589,36.9,660
3590,36.77,369
3591,36.84,554
3592,36.9,501
3593,36.84,184
3594,36.84,264
3595,36.84,660
3596,36.9,607
3597,36.95,581
3598,36.9,581
3599,36.9,607
3600,36.95,554
3601,36.9,607
3602,36.9,607
3603,36.95,422
3604,36.84,343
3605,36.77,343
3606,36.84,317
3607,36.84,581
3608,36.77,449
3609,36.84,369
3610,36.9,607
3611,36.77,290
3612,36.84,396
3613,36.77,581
3614,36.84,369
3615,36.84,554
3616,36.77,422
3617,36.77,501
3618,36.9,528
3619,36.77,369
3620,36.77,449
3621,36.84,528
3622,36.77,343
3623,36.71,422
3624,36.77,581
3625,36.84,607
3626,36.84,449
3627,36.77,317
3628,36.77,317
3629,36.71,396
3630,36.77,317
3631,36.84,634
3632,36.77,607
3633,36.77,475
3634,36.71,449
3635,36.71,396
3636,36.71,501
3637,36.84,317
3638,36.84,607
3639,36.71,581
3640,36.77,369
3641,36.77,317
3642,36.77,501
3643,36.77,449
3644,36.65,264
3645,36.77,369
3646,36.77,501
3647,36.65,317
3648,36.77,475
3649,36.71,396
3650,36.77,343
3651,36.77,501
3652,36.71,343
3653,36.77,396
3654,36.84,475
3655,36.71,343
3656,36.77,343
3657,36.77,264
3658,36.65,211
3659,36.77,739
3660,36.77,581
3661,36.65,264
3662,36.65,475
3663,36.71,449
3664,36.77,475
3665,36.77,528
3666,36.77,317
3667,36.77,396
3668,36.71,475
3669,36.71,343
3670,36.65,290
3671,36.71,211
3672,36.71,449
3673,36.71,369
3674,36.71,607
3675,36.65,581
3676,36.65,396
3677,36.65,369
3678,36.71,475
3679,36.71,739
3680,36.65,264
3681,36.59,369
3682,36.71,686
3683,36.71,475
3684,36.71,528
3685,36.71,396
3686,36.71,317
3687,36.65,475
3688,36.71,501
3689,36.71,396
3690,36.71,396
3691,36.65,422
3692,36.71,581
3693,36.65,449
3694,36.59,396
3695,36.71,581
3696,36.71,501
3697,36.65,369
3698,36.59,422
3699,36.59,369
3700,36.59,158
3701,36.52,343
3702,36.59,369
3703,36.59,369
3704,36.59,237
3705,36.65,343
3706,36.65,396
3707,36.71,792
3708,36.59,501
3709,36.65,158
3710,36.65,528
3711,36.65,475
3712,36.65,369
3713,36.65,449
3714,36.65,528
3715,36.59,317
3716,36.65,528
3717,36.59,343
3718,36.65,528
3719,36.59,422
3720,36.52,290
3721,36.65,686
3722,36.71,475
3723,36.59,396
3724,36.52,422
3725,36.52,317
3726,36.52,554
3727,36.59,369
3728,36.52,422
3729,36.52,317
3730,36.52,422
3731,36.59,317
3732,36.65,396
3733,36.59,449
3734,36.59,369
3735,36.65,422
3736,36.59,396
3737,36.59,607
3738,36.59,369
3739,36.52,422
3740,36.52,449
3741,36.65,581
3742,36.52,343
3743,36.59,607
3744,36.52,237
3745,36.59,739
3746,36.46,369
3747,36.52,554
3748,36.59,501
3749,36.65,449
3750,36.52,422
3751,36.52,475
3752,36.59,343
3753,36.59,607
3754,36.59,369
3755,36.46,369
3756,36.59,686
3757,36.52,369
3758,36.46,343
3759,36.46,449
3760,36.59,554
3761,36.52,713
3762,36.52,607
3763,36.52,317
3764,36.46,422
3765,36.46,317
3766,36.59,501
3767,36.52,528
3768,36.46,290
3769,36.59,660
3770,36.52,290
3771,36.46,422
3772,36.52,449
3773,36.41,317
3774,36.46,396
3775,36.52,660
3776,36.52,660
3777,36.52,475
3778,36.52,501
3779,36.52,396
3780,36.52,449
3781,36.52,686
3782,36.52,660
3783,36.52,449
3784,36.41,369
3785,36.52,396
3786,36.41,396
3787,36.46,396
3788,36.46,501
3789,36.46,343
3790,36.41,343
3791,36.52,475
3792,36.52,501
3793,36.46,501
3794,36.41,290
3795,36.41,396
3796,36.41,317
3797,36.46,396
3798,36.41,369
3799,36.41,343
3800,36.46,264
3801,36.35,343
3802,36.46,396
3803,36.52,554
3804,36.41,449
3805,36.41,369
3806,36.52,581
3807,36.35,369
3808,36.46,501
3809,36.41,211
3810,36.41,634
3811,36.46,369
3812,36.35,369
3813,36.41,501
3814,36.41,449
3815,36.41,264
3816,36.35,343
3817,36.35,264
3818,36.35,105
3819,36.35,237
3820,36.41,449
3821,36.41,475
3822,36.41,581
3823,36.41,475
3824,36.35,475
3825,36.41,554
3826,36.35,369
3827,36.41,422
3828,36.29,449
3829,36.46,449
3830,36.35,343
3831,36.35,739
3832,36.46,660
3833,36.35,422
3834,36.29,369
3835,36.35,290
3836,36.29,369
3837,36.29,475
3838,36.35,422
3839,36.41,554
3840,36.35,317
3841,36.29,396
3842,36.41,581
3843,36.29,422
3844,36.41,581
3845,36.22,317
3846,36.35,581
3847,36.29,317
3848,36.35,237
3849,36.35,475
3850,36.35,634
3851,36.35,713
3852,36.41,396
3853,36.35,554
3854,36.22,317
3855,36.35,343
3856,36.29,317
3857,36.35,528
3858,36.29,369
3859,36.35,317
3860,36.22,317
3861,36.35,660
3862,36.22,317
3863,36.22,317
3864,36.35,792
3865,36.22,422
3866,36.16,343
3867,36.35,528
3868,36.29,554
3869,36.29,475
3870,36.29,264
3871,36.22,369
3872,36.22,264
3873,36.22,343
3874,36.29,501
3875,36.29,634
3876,36.22,343
3877,36.29,501
3878,36.22,343
3879,36.29,739
3880,36.22,422
3881,36.22,422
3882,36.29,686
3883,36.29,475
3884,36.22,449
3885,36.16,528
3886,36.16,211
3887,36.22,369
3888,36.22,422
3889,36.16,343
3890,36.22,317
3891,36.16,343
3892,36.22,449
3893,36.29,607
3894,36.16,317
3895,36.16,475
3896,36.29,554
3897,36.22,317
3898,36.16,343
3899,36.16,290
3900,36.16,449
3901,36.1,396
3902,36.16,290
3903,36.16,449
3904,36.22,607
3905,36.16,396
3906,36.16,343
3907,36.22,554
3908,36.16,422
3909,36.22,449
3910,36.29,554
3911,36.16,317
3912,36.1,607
3913,36.22,422
3914,36.1,290
3915,36.1,343
3916,36.16,264
3917,36.1,264
3918,36.1,237
3919,36.16,237
3920,36.1,369
3921,36.16,475
3922,36.16,501
3923,36.1,317
3924,36.1,475
3925,36.16,607
3926,36.16,237
3927,36.16,422
3928,36.04,343
3929,36.16,660
3930,36.1,449
3931,36.04,264
3932,36.1,369
3933,36.04,475
3934,36.1,317
3935,36.04,396
3936,36.1,449
3937,36.16,528
3938,36.04,396
3939,36.1,501
3940,36.04,422
3941,36.1,475
3942,36.16,554
3943,36.1,475
3944,36.1,634
3945,36.16,634
3946,36.1,449
3947,36.04,184
3948,36.1,449
3949,36.04,581
3950,36.04,343
3951,36.04,501
3952,36.1,422
3953,35.97,343
3954,36.1,634
3955,36.04,369
3956,35.97,449
3957,36.04,264
3958,35.97,475
3959,36.04,290
3960,35.97,396
3961,35.97,237
3962,36.1,396
3963,36.04,607
3964,35.97,290
3965,36.04,449
3966,35.97,343
3967,36.04,607
3968,36.04,449
3969,35.97,264
3970,35.97,264
3971,35.91,396
3972,35.97,475
3973,36.04,369
3974,35.97,449
3975,35.91,317
3976,36.1,634
3977,35.97,369
3978,35.86,369
3979,35.97,317
3980,35.91,634
3981,35.97,501
3982,35.91,554
3983,35.97,634
3984,35.86,290
3985,35.91,528
3986,35.91,237
3987,35.91,290
3988,35.91,369
3989,35.97,449
3990,35.97,581
3991,35.97,607
3992,35.97,528
3993,35.97,317
3994,35.86,290
3995,35.91,449
3996,35.86,422
3997,35.91,290
3998,35.91,686
3999,35.97,528
4000,35.86,317
4001,35.86,475
4002,35.91,528
4003,35.86,396
4004,35.91,422
4005,35.91,607
4006,35.91,290
4007,35.91,528
4008,35.86,660
4009,35.86,369
4010,35.91,449
4011,35.86,475
4012,35.8,317
4013,35.86,449
4014,35.91,528
4015,35.8,369
4016,35.86,369
4017,35.86,422
4018,35.86,528
4019,35.86,581
4020,35.74,237
4021,35.86,501
4022,35.86,290
4023,35.86,422
4024,35.74,449
4025,35.91,660
4026,35.8,422
4027,35.74,317
4028,35.8,237
4029,35.74,475
4030,35.8,422
4031,35.74,422
4032,35.74,449
4033,35.74,264
4034,35.86,581
4035,35.8,475
4036,35.8,554
4037,35.74,396
4038,35.8,396
4039,35.68,475
4040,35.74,422
4041,35.74,501
4042,35.8,634
4043,35.74,528
4044,35.68,264
4045,35.8,475
4046,35.74,369
4047,35.68,290
4048,35.8,290
4049,35.68,343
4050,35.74,528
4051,35.8,607
4052,35.74,554
4053,35.74,475
4054,35.74,343
4055,35.68,396
4056,35.68,264
4057,35.74,528
4058,35.61,343
4059,35.74,607
4060,35.68,211
4061,35.61,396
4062,35.68,660
4063,35.74,607
4064,35.68,634
4065,35.61,475
4066,35.61,264
4067,35.68,501
4068,35.61,343
4069,35.68,475
4070,35.61,237
4071,35.68,501
4072,35.74,634
4073,35.68,581
4074,35.68,634
4075,35.68,554
4076,35.61,528
4077,35.55,475
4078,35.68,422
4079,35.49,343
4080,35.68,554
4081,35.61,211
4082,35.55,634
4083,35.68,528
4084,35.68,528
4085,35.68,660
4086,35.61,607
4087,35.55,343
4088,35.55,369
4089,35.55,449
4090,35.55,237
4091,35.61,634
4092,35.55,475
4093,35.49,317
4094,35.49,369
4095,35.55,396
4096,35.55,449
4097,35.55,634
4098,35.49,317
4099,35.49,343
4100,35.49,369
4101,35.55,634
4102,35.55,449
4103,35.55,343
4104,35.43,396
4105,35.49,396
4106,35.49,422
4107,35.55,607
4108,35.43,343
4109,35.49,475
4110,35.43,264
4111,35.49,501
4112,35.49,634
4113,35.55,660
4114,35.49,449
4115,35.49,554
4116,35.55,607
4117,35.36,290
4118,35.49,396
4119,35.36,317
4120,35.49,634
4121,35.36,475
4122,35.36,211
4123,35.36,343
4124,35.36,369
4125,35.43,501
4126,35.43,475
4127,35.36,290
4128,35.31,396
4129,35.43,449
4130,35.43,581
4131,35.36,449
4132,35.43,528
4133,35.43,554
4134,35.31,501
4135,35.31,290
4136,35.43,581
4137,35.36,290
4138,35.25,290
4139,35.31,290
4140,35.25,317
4141,35.25,422
4142,35.43,501
4143,35.31,581
4144,35.25,369
4145,35.36,581
4146,35.36,528
4147,35.31,528
4148,35.31,475
4149,35.25,449
4150,35.25,158
4151,35.25,317
4152,35.25,501
4153,35.19,449
4154,35.25,290
4155,35.25,396
4156,35.25,343
4157,35.19,237
4158,35.19,422
4159,35.31,528
4160,35.19,343
4161,35.19,422
4162,35.25,528
4163,35.19,422
4164,35.19,501
4165,35.19,396
4166,35.12,343
4167,35.19,501
4168,35.19,475
4169,35.06,449
4170,35.12,264
4171,35.12,501
4172,35.19,475
4173,35.12,237
4174,35.19,528
4175,35.12,369
4176,35.12,396
4177,35.06,475
4178,35.19,634
4179,35.06,581
4180,35.06,475
4181,35,449
4182,35.06,581
4183,35.06,581
4184,35.06,475
4185,34.94,264
4186,35.06,554
4187,35,264
4188,35.06,317
4189,35,528
4190,35.06,317
4191,34.94,369
4192,35,528
4193,35,290
4194,34.94,264
4195,34.88,237
4196,34.94,449
4197,35,528
4198,34.88,317
4199,35,501
4200,34.94,528
4201,34.88,501
4202,34.88,343
4203,35,501
4204,34.88,317
4205,34.88,290
4206,34.81,290
4207,34.88,396
4208,34.88,554
4209,34.81,290
4210,34.76,237
4211,34.81,290
4212,34.81,317
4213,34.76,581
4214,34.81,554
4215,34.76,369
4216,34.81,475
4217,34.76,528
4218,34.76,475
4219,34.76,449
4220,34.76,581
4221,34.76,396
4222,34.7,264
4223,34.76,660
4224,34.7,211
4225,34.64,343
4226,34.7,422
4227,34.64,528
4228,34.64,422
4229,34.64,396
4230,34.7,554
4231,34.58,264
4232,34.58,422
4233,34.58,369
4234,34.58,581
4235,34.51,422
4236,34.51,343
4237,34.51,501
4238,34.51,554
4239,34.51,396
4240,34.45,369
4241,34.58,528
4242,34.39,449
4243,34.45,264
4244,34.39,264
4245,34.33,369
4246,34.39,449
4247,34.33,343
4248,34.33,211
4249,34.33,422
4250,34.26,290
4251,34.33,475
4252,34.26,501
4253,34.33,317
4254,34.21,422
4255,34.26,449
4256,34.21,475
4257,34.15,211
4258,34.21,422
4259,34.26,343
4260,34.21,449
4261,34.15,607
4262,34.02,211
4263,34.09,607
4264,34.02,158
4265,34.09,475
4266,34.02,634
4267,33.96,528
4268,33.96,317
4269,33.9,237
4270,33.9,290
4271,33.96,581
4272,33.96,475
4273,33.77,264
4274,33.77,369
4275,33.84,449
4276,33.77,422
4277,33.77,475
4278,33.77,607
4279,33.71,132
4280,33.66,396
4281,33.66,369
4282,33.6,369
4283,33.71,528
4284,33.66,264
4285,33.54,422
4286,33.54,396
4287,33.47,317
4288,33.54,449
4289,33.54,422
4290,33.47,607
4291,33.47,528
4292,33.41,396
4293,33.35,290
4294,33.41,528
4295,33.41,607
4296,33.29,211
4297,33.29,449
4298,33.35,449
4299,33.22,343
4300,33.29,554
4301,33.22,475
4302,33.22,290
4303,33.16,290
4304,33.11,449
4305,33.11,449
4306,33.11,581
4307,33.16,475
4308,33.05,317
4309,33.05,396
4310,32.99,475
4311,33.05,396
4312,33.05,501
4313,32.93,132
4314,32.99,581
4315,32.93,475
4316,32.86,290
4317,32.86,528
4318,32.93,581
4319,32.86,528
4320,32.8,422
4321,32.8,396
4322,32.74,343
4323,32.8,475
4324,32.74,501
4325,32.74,607
4326,32.74,475
4327,32.68,343
4328,32.68,634
4329,32.56,369
4330,32.61,686
4331,32.5,369
4332,32.56,475
4333,32.5,475
4334,32.56,581
4335,32.44,449
4336,32.5,554
4337,32.38,396
4338,32.5,581
4339,32.31,369
4340,32.38,475
4341,32.31,369
4342,32.31,369
4343,32.25,317
4344,32.25,396
4345,32.31,501
4346,32.19,237
4347,32.31,475
4348,32.19,396
4349,32.25,581
4350,32.19,422
4351,32.19,475
4352,32.19,528
4353,32.12,528
4354,32.12,396
4355,32.12,396
4356,32.01,475
4357,32.06,607
4358,31.95,290
4359,32.01,369
4360,31.89,317
4361,31.82,449
4362,31.95,554
4363,31.89,343
4364,31.89,343
4365,31.89,475
4366,31.76,317
4367,31.89,422
4368,31.89,554
4369,31.7,317
4370,31.76,343
4371,31.7,475
4372,31.76,396
4373,31.7,369
4374,31.76,449
4375,31.57,422
4376,31.64,475
4377,31.64,422
4378,31.64,686
4379,31.64,501
4380,31.57,528
4381,31.57,686
4382,31.57,713
4383,31.46,317
4384,31.46,343
4385,31.46,184
4386,31.51,528
4387,31.34,158
4388,31.34,264
4389,31.34,369
4390,31.4,211
4391,31.27,211
4392,31.4,554
4393,31.27,343
4394,31.34,396
4395,31.34,581
4396,31.21,264
4397,31.34,634
4398,31.21,422
4399,31.27,581
4400,31.15,317
4401,31.15,237
4402,31.15,396
4403,31.15,317
4404,31.09,369
4405,31.15,554
4406,31.21,422
4407,31.09,422
4408,31.09,290
4409,31.09,369
4410,31.09,211
4411,31.15,528
4412,31.21,528
4413,31.09,290
4414,31.15,264
4415,31.21,422
4416,31.15,607
4417,31.15,422
4418,31.15,211
4419,31.15,343
4420,31.15,317
4421,31.21,264
4422,31.15,211
4423,31.15,343
4424,31.15,317
4425,31.15,211
4426,31.09,264
4427,31.21,211
4428,31.15,290
4429,31.15,343
4430,31.15,158
4431,31.15,290
4432,31.15,290
4433,31.21,237
4434,31.15,422
4435,31.15,290
4436,31.21,105
4437,31.09,264
4438,31.09,317
4439,31.09,317
4440,31.15,79
4441,31.15,132
4442,31.15,501
4443,31.09,290
4444,31.15,237
4445,31.15,79
4446,31.09,554
4447,31.15,237
4448,31.09,264
4449,31.03,211
4450,31.15,158
4451,31.09,554
4452,31.03,290
4453,31.15,317
4454,31.21,105
4455,31.15,369
4456,31.15,184
4457,31.09,211
4458,31.09,290
4459,31.15,290
4460,31.15,343
4461,31.09,237
4462,31.15,264
4463,31.15,237
4464,31.09,501
4465,31.03,290
4466,31.03,475
4467,31.15,184
4468,31.15,184
4469,31.09,105
4470,31.15,290
4471,31.15,264
4472,31.09,264
4473,31.15,317
4474,31.15,79
4475,31.15,79
4476,31.09,264
4477,31.15,79
4478,31.15,105
4479,31.21,290
4480,31.09,211
4481,31.15,317
4482,31.15,105
4483,31.15,343
4484,31.09,211
4485,31.21,184
4486,31.15,158
4487,31.21,264
4488,31.15,132
4489,31.15,105
4490,31.09,475
4491,31.03,264
4492,31.21,184
4493,31.15,105
4494,31.15,132
4495,31.15,79
4496,31.15,237
4497,31.03,317
4498,31.09,264
4499,31.15,132
4500,31.15,158
4501,31.15,237
4502,31.15,79
4503,31.09,158
4504,31.09,290
4505,31.15,184
4506,31.15,264
4507,31.09,158
4508,31.15,211
4509,31.15,158
4510,31.15,343
4511,31.15,237
4512,31.21,184
4513,31.15,211
4514,31.15,317
4515,31.21,290
4516,31.34,79
4517,31.57,26
4518,31.76,158
4519,31.82,105
4520,31.89,105
4521,31.95,52
4522,32.01,26
4523,32.06,52
4524,32.12,26
,,
,,
,,
